{
  "inputs": {
    "msm": {
      "embedding": [
        0.013682140968739986,
        0.08321677148342133,
        0.1542544662952423,
        0.008455757983028889,
        -0.07014364749193192,
        0.1484379768371582,
        -0.19040340185165405,
        0.3163379430770874,
        0.15127673745155334,
        0.26180365681648254,
        -0.0033412205521017313,
        0.006223606411367655,
        0.07352148741483688,
        0.3310354948043823,
        -0.330818235874176,
        -0.1084170863032341,
        0.1626082956790924,
        0.2919791340827942,
        0.22915516793727875,
        -0.07961737364530563,
        -0.235493466258049,
        0.11399722099304199,
        0.05219833925366402,
        -0.28658756613731384,
        0.13827277719974518,
        -0.051118895411491394,
        -0.006037160288542509,
        -0.014788612723350525,
        0.08083828538656235,
        -0.04571684077382088,
        -0.2583000957965851,
        -0.238534614443779
      ],
      "confidence": 0.0,
      "label": "Body Scan Meditation"
    },
    "pdm": {
      "embedding": [],
      "confidence": 0.019050715477597385
    },
    "arm": {
      "embedding": [
        -31.74679946899414,
        -31.534709930419922,
        -30.56106185913086,
        -30.775409698486328,
        -30.7000732421875,
        -31.01702880859375,
        -32.128761291503906,
        -34.04159164428711,
        -32.24202346801758,
        -31.940401077270508,
        -31.74799346923828,
        -31.476198196411133,
        -30.93464469909668,
        -31.12428855895996,
        -32.06117248535156,
        -32.87103271484375,
        -24.227783203125,
        -13.415218353271484,
        -7.215675354003906,
        -4.572951316833496,
        144.47589111328125,
        136.93455505371094,
        137.72067260742188,
        141.7268524169922,
        145.94517517089844,
        147.04428100585938,
        148.24517822265625,
        152.6903076171875,
        157.48202514648438,
        159.1783905029297,
        160.61172485351562,
        161.64547729492188,
        161.83946228027344,
        162.29086303710938,
        163.0145263671875,
        162.768798828125,
        156.1245880126953,
        120.27557373046875,
        86.11277770996094,
        58.61673355102539,
        85.73979187011719,
        81.56514739990234,
        81.88066101074219,
        83.67587280273438,
        86.06665802001953,
        86.95513153076172,
        87.84468078613281,
        90.35276794433594,
        92.80457305908203,
        93.79219055175781,
        94.69729614257812,
        95.01315307617188,
        95.20610809326172,
        95.30016326904297,
        95.76233673095703,
        95.80577850341797,
        91.56681823730469,
        72.92864227294922,
        51.759761810302734,
        33.075279235839844,
        211.16046142578125,
        202.45265197753906,
        202.14073181152344,
        207.23191833496094,
        213.57122802734375,
        215.3634490966797,
        216.30865478515625,
        221.99078369140625,
        227.0950164794922,
        229.92523193359375,
        232.14866638183594,
        232.68356323242188,
        233.49562072753906,
        233.76925659179688,
        233.36631774902344,
        233.31666564941406,
        228.07632446289062,
        200.45904541015625,
        152.098876953125,
        92.76165771484375,
        -42.604286193847656,
        -40.171363830566406,
        -40.58828353881836,
        -42.12674331665039,
        -44.06239700317383,
        -44.47380828857422,
        -44.688621520996094,
        -46.288169860839844,
        -48.05091857910156,
        -48.922977447509766,
        -49.13104248046875,
        -49.28247833251953,
        -49.69297790527344,
        -49.832698822021484,
        -49.63278579711914,
        -49.592185974121094,
        -48.45658493041992,
        -40.856773376464844,
        -30.564483642578125,
        -18.48850440979004,
        177.01927185058594,
        175.63485717773438,
        172.78868103027344,
        175.37705993652344,
        177.26239013671875,
        179.38345336914062,
        178.59329223632812,
        176.9153594970703,
        176.4483184814453,
        176.89013671875,
        176.91830444335938,
        176.19590759277344,
        175.8930206298828,
        175.37646484375,
        174.782470703125,
        174.90003967285156,
        169.7693634033203,
        168.1851348876953,
        137.49244689941406,
        72.21476745605469,
        0.0,
        0.0,
        0.0,
        642.7684936523438,
        1056.708984375,
        1.643996238708496,
        0.7562532424926758
      ],
      "confidence": 0.6000000238418579
    },
    "tts": {
      "embedding": [],
      "confidence": 0.0
    }
  },